{
  "id": "deadsimplemobile",
  "title": "dead_simple_mobile",
  "version": "1.0.0",
  "relationships": {
    "requires": [
      {
        "id": "dice-calculator",
        "type": "module",
        "compatibility": {}
      },
      {
        "id": "dice-so-nice",
        "type": "module",
        "compatibility": {}
      }
    ]
  },
  "esmodules": [
    "mobile.js"
  ],
  "url": "https://github.com/achoobert/deadsimplemobile/blob/master",
  "manifest": "https://raw.githubusercontent.com/achoobert/deadsimplemobile/master/module.json",
  "download": "https://github.com/achoobert/deadsimplemobile/raw/master/deadsimplemobile.zip",
  "compatibility": {
    "minimum": "0.8.9",
    "verified": "12"
  },
  "authors": [
    {
      "name": "Isaac Schubert",
      "email": "isaac@schubert.dev",
      "url": "isaacschubert.com",
      "discord": "achoobert",
      "flags": {}
    },
  ]
}